file,classname,nummethods
camel/core/camel-management/src/main/java/org/apache/camel/management/mbean/ManagedRouteController.java,ManagedRouteController,3
camel/components/camel-sjms/src/test/java/org/apache/camel/component/sjms/producer/PrefillPoolTest.java,PrefillPoolTest,4
camel/components/camel-hazelcast/src/main/java/org/apache/camel/component/hazelcast/atomicnumber/HazelcastAtomicnumberComponent.java,HazelcastAtomicnumberComponent,1
camel/components/camel-salesforce/camel-salesforce-component/src/main/java/org/apache/camel/component/salesforce/api/dto/bulk/Result.java,Result,7
camel/components/camel-netty/src/test/java/org/apache/camel/component/netty/Poetry.java,Poetry,4
camel/components/camel-velocity/src/test/java/org/apache/camel/component/velocity/VelocityEncodingTest.java,VelocityEncodingTest,1
camel/core/camel-util/src/test/java/org/apache/camel/util/backoff/BackOffTest.java,BackOffTest,4
camel/components/camel-servlet/src/test/java/org/apache/camel/component/servlet/rest/RestServletOptionsTest.java,RestServletOptionsTest,3
camel/components/camel-flatpack/src/test/java/org/apache/camel/component/flatpack/FixedLengthAllowLongTest.java,FixedLengthAllowLongTest,3
camel/core/camel-core/src/test/java/org/apache/camel/support/IntrospectionSupportTest.java,MyPasswordBean,4
camel/components/camel-opentracing/src/main/java/org/apache/camel/opentracing/OpenTracingTracer.java,OpenTracingEventNotifier,3
camel/components/camel-hl7/src/test/java/org/apache/camel/component/hl7/HL7MLLPCodecTest.java,HL7MLLPCodecTest,4
camel/components/camel-microprofile-fault-tolerance/src/test/java/org/apache/camel/component/microprofile/faulttolerance/FaultToleranceInheritErrorHandlerTest.java,FaultToleranceInheritErrorHandlerTest,2
camel/components/camel-bindy/src/test/java/org/apache/camel/dataformat/bindy/fix/BindyComplexKeyValuePairStandaloneTest.java,BindyComplexKeyValuePairStandaloneTest,4
camel/components/camel-bindy/src/main/java/org/apache/camel/dataformat/bindy/format/factories/StringFormatFactory.java,StringFormatFactory,1
camel/components/camel-velocity/src/generated/java/org/apache/camel/component/velocity/VelocityEndpointConfigurer.java,VelocityEndpointConfigurer,3
camel/components/camel-beanio/src/main/java/org/apache/camel/dataformat/beanio/BeanIOSplitter.java,BeanIOSplitter,26
camel/core/camel-management/src/test/java/org/apache/camel/management/ManagedCustomComponentNameTest.java,ManagedCustomComponentNameTest,2
camel/components/camel-undertow/src/test/java/org/apache/camel/component/undertow/rest/RestUndertowHttpContextPathMatchGetTest.java,RestUndertowHttpContextPathMatchGetTest,2
camel/core/camel-core/src/test/java/org/apache/camel/processor/intercept/InterceptFromPropertyPlaceholderTest.java,InterceptFromPropertyPlaceholderTest,3
camel/core/camel-componentdsl/src/generated/java/org/apache/camel/builder/component/dsl/AzureStorageQueueComponentBuilderFactory.java,AzureStorageQueueComponentBuilderImpl,3
camel/components/camel-webhook/src/main/java/org/apache/camel/component/webhook/WebhookUtils.java,WebhookUtils,1
camel/core/camel-core/src/test/java/org/apache/camel/issues/CBRConcurrencyIssueTest.java,CBRConcurrencyIssueTest,3
camel/components/camel-mybatis/src/test/java/org/apache/camel/component/mybatis/MyBatisInsertWithOutputHeaderTest.java,MyBatisInsertWithOutputHeaderTest,2
camel/components/camel-dozer/src/test/java/org/apache/camel/component/dozer/CustomMapperTest.java,CustomMapperTest,7
camel/core/camel-util/src/test/java/org/apache/camel/util/concurrent/SynchronousExecutorServiceTest.java,SynchronousExecutorServiceTest,2
camel/components/camel-cdi/src/main/java/org/apache/camel/cdi/DelegateInjectionTarget.java,DelegateInjectionTarget,3
camel/components/camel-aws2-lambda/src/test/java/org/apache/camel/component/aws2/lambda/LambdaComponentConfigurationTest.java,LambdaComponentConfigurationTest,9
camel/components/camel-spring/src/test/java/org/apache/camel/spring/issues/SpringTryCatchFinallyAndErrorHandlerTest.java,SpringTryCatchFinallyAndErrorHandlerTest,4
camel/components/camel-bindy/src/test/java/org/apache/camel/dataformat/bindy/model/csv/MyCsvRecord.java,MyCsvRecord,19
camel/components/camel-salesforce/camel-salesforce-component/src/main/java/org/apache/camel/component/salesforce/api/dto/analytics/reports/SyncAttributes.java,SyncAttributes,4
camel/components/camel-aws-sns/src/test/java/org/apache/camel/component/aws/sns/SnsComponentVerifierExtensionTest.java,SnsComponentVerifierExtensionTest,3
camel/core/camel-core/src/test/java/org/apache/camel/component/file/ToFileRouteTest.java,ToFileRouteTest,3
camel/components/camel-spring/src/test/java/org/apache/camel/component/properties/SpringOptionalPropertiesDslTest.java,SpringOptionalPropertiesDslTest,1
camel/components/camel-jetty/src/test/java/org/apache/camel/component/jetty/HandlerTest.java,HandlerTest,4
camel/components/camel-jms/src/test/java/org/apache/camel/component/jms/FileRouteJmsPreMoveTest.java,FileRouteJmsPreMoveTest,4
camel/core/camel-core/src/test/java/org/apache/camel/issues/RedeliveryPolicyOnExceptionWhileRedeliveringIssueTest.java,RedeliveryPolicyOnExceptionWhileRedeliveringIssueTest,2
camel/components/camel-atomix/src/generated/java/org/apache/camel/component/atomix/client/value/AtomixValueEndpointConfigurer.java,AtomixValueEndpointConfigurer,3
camel/components/camel-hdfs/src/main/java/org/apache/camel/component/hdfs/HaConfigurationBuilder.java,HaConfigurationBuilder,4
camel/core/camel-core/src/test/java/org/apache/camel/component/language/LanguageXPathRouteTest.java,LanguageXPathRouteTest,2
camel/components/camel-msv/src/test/java/org/apache/camel/component/validator/msv/RelaxNGRouteTest.java,RelaxNGRouteTest,3
camel/components/camel-jslt/src/test/java/org/apache/camel/component/jslt/JsltFunctionsTest.java,JsltFunctionsTest,4
camel/components/camel-bindy/src/test/java/org/apache/camel/dataformat/bindy/csv/BindyInlinedQuotesCsvUnmarshallTest.java,ContextConfig,1
camel/core/camel-componentdsl/src/generated/java/org/apache/camel/builder/component/dsl/HazelcastMapComponentBuilderFactory.java,HazelcastMapComponentBuilderImpl,2
camel/components/camel-atomix/src/test/java/org/apache/camel/component/atomix/client/set/AtomixSetProducerTest.java,AtomixSetProducerTest,8
camel/core/camel-core/src/test/java/org/apache/camel/component/extension/verifier/ComponentVerifierTest.java,ComponentVerifierTest,4
camel/components/camel-cdi/src/test/java/org/apache/camel/cdi/bean/FirstCamelContextConvertingRoute.java,FirstCamelContextConvertingRoute,1
camel/core/camel-core/src/test/java/org/apache/camel/component/file/FileConsumerThreadsInProgressIssueTest.java,FileConsumerThreadsInProgressIssueTest,3
camel/core/camel-management/src/test/java/org/apache/camel/management/ManagedWireTapTest.java,ManagedWireTapTest,3
camel/components/camel-quartz/src/test/java/org/apache/camel/component/quartz/SpringQuartzPersistentStoreTest.java,SpringQuartzPersistentStoreTest,2
camel/core/camel-core-engine/src/main/java/org/apache/camel/reifier/MulticastReifier.java,MulticastReifier,3
camel/components/camel-salesforce/camel-salesforce-component/src/main/java/org/apache/camel/component/salesforce/SalesforceHttpClient.java,SalesforceHttpClient,11
camel/core/camel-management/src/test/java/org/apache/camel/management/ManagedMarshalTest.java,ManagedMarshalTest,2
camel/components/camel-cxf/src/main/java/org/apache/camel/component/cxf/ChainedCxfConfigurer.java,ChainedCxfConfigurer,5
camel/components/camel-mail/src/generated/java/org/apache/camel/component/mail/MailComponentConfigurer.java,MailComponentConfigurer,4
camel/components/camel-aws-mq/src/test/java/org/apache/camel/component/aws/mq/MQProducerSpringTest.java,MQProducerSpringTest,7
camel/components/camel-mongodb-gridfs/src/main/java/org/apache/camel/component/mongodb/gridfs/GridFsProducer.java,GridFsProducer,1
camel/core/camel-core/src/test/java/org/apache/camel/processor/SplitCustomExpressionTest.java,SplitCustomExpressionTest,2
camel/components/camel-snmp/src/test/java/org/apache/camel/component/snmp/WalkOIDTest.java,WalkOIDTest,3
camel/components/camel-mllp/src/main/java/org/apache/camel/component/mllp/MllpEndpoint.java,MllpEndpoint,48
camel/components/camel-docker/src/test/java/org/apache/camel/component/docker/it/DockerProducerTestIT.java,DockerProducerTestIT,2
camel/components/camel-spring-ws/src/test/java/org/apache/camel/component/spring/ws/addressing/ConsumerWSASameChannelParamsToTests.java,ConsumerWSASameChannelParamsToTests,3
camel/core/camel-api/src/main/java/org/apache/camel/NoSuchEndpointException.java,NoSuchEndpointException,1
camel/components/camel-google-calendar/src/generated/java/org/apache/camel/component/google/calendar/stream/GoogleCalendarStreamComponentConfigurer.java,GoogleCalendarStreamComponentConfigurer,4
camel/components/camel-micrometer/src/main/java/org/apache/camel/component/micrometer/spi/InstrumentedThreadPoolFactory.java,InstrumentedThreadPoolFactory,6
camel/components/camel-jt400/src/main/java/org/apache/camel/component/jt400/Jt400PgmProducer.java,Jt400PgmProducer,7
camel/components/camel-consul/src/main/java/org/apache/camel/component/consul/cloud/ConsulServiceDiscoveryFactory.java,ConsulServiceDiscoveryFactory,23
camel/components/camel-soroush/src/test/java/org/apache/camel/component/soroushbot/component/ConsumerAutoReconnectAfterIdleTimeoutTest.java,ConsumerAutoReconnectAfterIdleTimeoutTest,2
camel/core/camel-core-engine/src/main/java/org/apache/camel/reifier/validator/EndpointValidatorReifier.java,EndpointValidatorReifier,1
camel/components/camel-google-drive/src/generated/java/org/apache/camel/component/google/drive/DriveAppsEndpointConfiguration.java,DriveAppsEndpointConfiguration,2
camel/components/camel-pulsar/src/main/java/org/apache/camel/component/pulsar/utils/consumers/ConsumerCreationStrategyFactory.java,ConsumerCreationStrategyFactory,3
camel/components/camel-flatpack/src/generated/java/org/apache/camel/dataformat/flatpack/FlatpackDataFormatConfigurer.java,FlatpackDataFormatConfigurer,1
camel/tooling/maven/camel-api-component-maven-plugin/src/main/java/org/apache/camel/maven/JavadocApiMethodGeneratorMojo.java,JavadocApiMethodGeneratorMojo,2
camel/core/camel-core/src/test/java/org/apache/camel/component/file/FileConsumerMoveAndMoveFailureTest.java,FileConsumerMoveAndMoveFailureTest,3
camel/components/camel-cxf/src/test/java/org/apache/camel/component/cxf/jaxrs/testbean/CustomerService.java,CustomerService,9
camel/components/camel-google-mail/src/test/java/org/apache/camel/component/google/mail/GmailUsersThreadsIntegrationTest.java,GmailUsersThreadsIntegrationTest,4
camel/components/camel-bindy/src/main/java/org/apache/camel/dataformat/bindy/format/factories/IntegerFormatFactory.java,IntegerFormat,2
camel/components/camel-zookeeper/src/main/java/org/apache/camel/component/zookeeper/SequenceComparator.java,SequenceComparator,2
camel/components/camel-sjms/src/main/java/org/apache/camel/component/sjms/batch/SjmsBatchConsumer.java,CompletionIntervalTask,1
camel/core/camel-core-engine/src/main/java/org/apache/camel/model/dataformat/AvroDataFormat.java,AvroDataFormat,4
camel/core/camel-management/src/test/java/org/apache/camel/management/ManagedRouteGetPropertiesTest.java,ManagedRouteGetPropertiesTest,3
camel/components/camel-bindy/src/test/java/org/apache/camel/dataformat/bindy/fixed/headerfooter/BindySimpleFixedLengthHeaderFooterTest.java,BindySimpleFixedLengthHeaderFooterTest,6
camel/components/camel-telegram/src/main/java/org/apache/camel/component/telegram/model/InlineQueryResultGif.java,InlineQueryResultGif,19
camel/components/camel-ipfs/src/main/java/org/apache/camel/component/ipfs/IPFSEndpoint.java,IPFSEndpoint,5
camel/core/camel-core/src/test/java/org/apache/camel/component/language/LanguageResourceLoadConstantFromClasspathTest.java,LanguageResourceLoadConstantFromClasspathTest,2
camel/components/camel-spring/src/test/java/org/apache/camel/component/validator/SpringValidatorRouteTest.java,SpringValidatorRouteTest,1
camel/components/camel-kubernetes/src/main/java/org/apache/camel/component/kubernetes/cluster/KubernetesClusterView.java,KubernetesClusterView,6
camel/components/camel-telegram/src/test/java/org/apache/camel/component/telegram/TelegramProducerChatIdResolutionTest.java,TelegramProducerChatIdResolutionTest,4
camel/core/camel-api/src/main/java/org/apache/camel/support/service/BaseService.java,BaseService,32
camel/core/camel-core-engine/src/generated/java/org/apache/camel/model/Resilience4jConfigurationDefinitionConfigurer.java,Resilience4jConfigurationDefinitionConfigurer,3
camel/components/camel-jcr/src/generated/java/org/apache/camel/component/jcr/JcrComponentConfigurer.java,JcrComponentConfigurer,3
camel/core/camel-management/src/test/java/org/apache/camel/management/ManagedCamelContextSuspendResumeTest.java,ManagedCamelContextSuspendResumeTest,2
camel/components/camel-aws2-ddb/src/main/java/org/apache/camel/component/aws2/ddb/GetItemCommand.java,GetItemCommand,1
camel/components/camel-zipfile/src/main/java/org/apache/camel/dataformat/zipfile/ZipFileDataFormat.java,ZipFileDataFormat,12
camel/components/camel-cdi/src/test/java/org/apache/camel/cdi/test/EventEndpointTest.java,EventObserver,15
camel/components/camel-spring/src/test/java/org/apache/camel/spring/processor/SpringInterceptSendToEndpointDynamicTest.java,SpringInterceptSendToEndpointDynamicTest,3
camel/components/camel-sjms/src/test/java/org/apache/camel/component/sjms/bugfixes/CAMEL6820Test.java,CAMEL6820Test,2
camel/core/camel-core/src/test/java/org/apache/camel/impl/transformer/TransformerRouteTest.java,MyJsonDataFormatDefinition,0
camel/components/camel-thrift/src/generated/java/org/apache/camel/dataformat/thrift/ThriftDataFormatConfigurer.java,ThriftDataFormatConfigurer,1
dubbo/dubbo-rpc/dubbo-rpc-xml/src/main/java/org/apache/dubbo/xml/rpc/protocol/xmlrpc/XmlRpcProtocol.java,InternalHandler,1
dubbo/dubbo-remoting/dubbo-remoting-api/src/test/java/org/apache/dubbo/remoting/ChanelHandlerTest.java,PeformanceTestHandler,3
dubbo/dubbo-remoting/dubbo-remoting-api/src/test/java/org/apache/dubbo/remoting/PerformanceServerTest.java,PerformanceServerTest,4
dubbo/dubbo-serialization/dubbo-serialization-protostuff/src/main/java/org/apache/dubbo/common/serialize/protostuff/delegate/TimestampDelegate.java,TimestampDelegate,5
dubbo/dubbo-rpc/dubbo-rpc-thrift/src/test/java/org/apache/dubbo/rpc/gen/thrift/Demo.java,echoI16_args,21
dubbo/dubbo-common/src/test/java/org/apache/dubbo/common/utils/LogUtilTest.java,LogUtilTest,9
dubbo/dubbo-rpc/dubbo-rpc-thrift/src/test/java/org/apache/dubbo/rpc/protocol/thrift/ThriftProtocolTest.java,ThriftProtocolTest,2
dubbo/dubbo-config/dubbo-config-spring/src/test/java/org/apache/dubbo/config/spring/beans/factory/config/YamlPropertySourceFactoryTest.java,YamlPropertySourceFactoryTest,1
dubbo/dubbo-metadata/dubbo-metadata-processor/src/test/java/org/apache/dubbo/metadata/annotation/processing/CompilerInvocationInterceptor.java,CompilerInvocationInterceptor,1
dubbo/dubbo-common/src/main/java/org/apache/dubbo/common/convert/multiple/StringToTransferQueueConverter.java,StringToTransferQueueConverter,1
dubbo/dubbo-common/src/main/java/org/apache/dubbo/common/convert/multiple/StringToBlockingDequeConverter.java,StringToBlockingDequeConverter,1
dubbo/dubbo-registry/dubbo-registry-api/src/main/java/org/apache/dubbo/registry/client/event/ServiceDiscoveryEvent.java,ServiceDiscoveryEvent,3
dubbo/dubbo-registry/dubbo-registry-default/src/test/java/org/apache/dubbo/registry/dubbo/AbstractRegistryService.java,AbstractRegistryService,22
dubbo/dubbo-config/dubbo-config-spring/src/main/java/org/apache/dubbo/config/spring/beans/factory/annotation/ReferenceAnnotationBeanPostProcessor.java,ReferenceAnnotationBeanPostProcessor,22
dubbo/dubbo-cluster/src/main/java/org/apache/dubbo/rpc/cluster/router/condition/ConditionRouter.java,ConditionRouter,8
dubbo/dubbo-registry/dubbo-registry-eureka/src/main/java/org/apache/dubbo/registry/eureka/ConfigurableEurekaInstanceConfig.java,ConfigurableEurekaInstanceConfig,57
dubbo/dubbo-metadata/dubbo-metadata-api/src/main/java/org/apache/dubbo/metadata/report/support/AbstractMetadataReport.java,SaveProperties,1
dubbo/dubbo-serialization/dubbo-serialization-fst/src/main/java/org/apache/dubbo/common/serialize/fst/FstObjectInput.java,FstObjectInput,12
dubbo/dubbo-plugin/dubbo-qos/src/main/java/org/apache/dubbo/qos/textui/TKv.java,TKv,3
dubbo/dubbo-registry/dubbo-registry-consul/src/main/java/org/apache/dubbo/registry/consul/ConsulRegistryFactory.java,ConsulRegistryFactory,1
dubbo/dubbo-rpc/dubbo-rpc-dubbo/src/test/java/org/apache/dubbo/rpc/protocol/dubbo/ExplicitCallbackTest.java,HelloServiceImpl,1
dubbo/dubbo-metadata/dubbo-metadata-api/src/main/java/org/apache/dubbo/metadata/rest/jaxrs/JAXRSServiceRestMetadataResolver.java,JAXRSServiceRestMetadataResolver,9
dubbo/dubbo-cluster/src/test/java/org/apache/dubbo/rpc/cluster/support/FailoverClusterInvokerTest.java,FailoverClusterInvokerTest,6
dubbo/dubbo-config/dubbo-config-spring/src/main/java/org/apache/dubbo/config/spring/context/DubboBootstrapApplicationListener.java,DubboBootstrapApplicationListener,4
dubbo/compiler/src/main/java/org/apache/dubbo/gen/AbstractGenerator.java,MethodContext,3
dubbo/dubbo-config/dubbo-config-api/src/test/java/org/apache/dubbo/config/bootstrap/builders/ServiceBuilderTest.java,ServiceBuilderTest,10
dubbo/dubbo-rpc/dubbo-rpc-native-thrift/src/test/java/org/apache/dubbo/rpc/protocol/nativethrift/DemoService.java,hasName_args,22
dubbo/dubbo-serialization/dubbo-serialization-hessian2/src/main/java/org/apache/dubbo/common/serialize/hessian2/Hessian2ObjectInput.java,Hessian2ObjectInput,13
dubbo/dubbo-rpc/dubbo-rpc-dubbo/src/main/java/org/apache/dubbo/rpc/protocol/dubbo/ChannelWrappedInvoker.java,ChannelWrapper,15
dubbo/dubbo-common/src/test/java/org/apache/dubbo/common/logger/LoggerFactoryTest.java,LoggerFactoryTest,5
dubbo/dubbo-registry/dubbo-registry-api/src/test/java/org/apache/dubbo/registry/ZKTools.java,ZKTools,10
dubbo/dubbo-remoting/dubbo-remoting-api/src/main/java/org/apache/dubbo/remoting/telnet/support/command/ClearTelnetHandler.java,ClearTelnetHandler,1
dubbo/dubbo-serialization/dubbo-serialization-protostuff/src/main/java/org/apache/dubbo/common/serialize/protostuff/delegate/SqlDateDelegate.java,SqlDateDelegate,5
dubbo/dubbo-rpc/dubbo-rpc-api/src/test/java/org/apache/dubbo/rpc/support/MyInvoker.java,MyInvoker,6
dubbo/dubbo-config/dubbo-config-spring/src/main/java/org/apache/dubbo/config/spring/context/annotation/DubboLifecycleComponentRegistrar.java,DubboLifecycleComponentRegistrar,1
dubbo/dubbo-serialization/dubbo-serialization-test/src/test/java/org/apache/dubbo/common/serialize/model/person/BigPerson.java,BigPerson,15
dubbo/dubbo-plugin/dubbo-auth/src/main/java/org/apache/dubbo/auth/DefaultAccessKeyStorage.java,DefaultAccessKeyStorage,1
dubbo/dubbo-config/dubbo-config-api/src/main/java/org/apache/dubbo/config/bootstrap/builders/ApplicationBuilder.java,ApplicationBuilder,25
dubbo/dubbo-metadata/dubbo-metadata-processor/src/main/java/org/apache/dubbo/metadata/annotation/processing/rest/jaxrs/QueryParamParameterProcessor.java,QueryParamParameterProcessor,1
dubbo/dubbo-remoting/dubbo-remoting-zookeeper/src/test/java/org/apache/dubbo/remoting/zookeeper/curator/CuratorZookeeperClientTest.java,CuratorZookeeperClientTest,13
dubbo/dubbo-config/dubbo-config-api/src/test/java/org/apache/dubbo/config/bootstrap/DubboServiceProviderBootstrap.java,DubboServiceProviderBootstrap,5
dubbo/dubbo-cluster/src/test/java/org/apache/dubbo/rpc/cluster/support/ForkingClusterInvokerTest.java,ForkingClusterInvokerTest,6
dubbo/dubbo-plugin/dubbo-qos/src/test/java/org/apache/dubbo/qos/command/GreetingCommand.java,GreetingCommand,1
dubbo/dubbo-remoting/dubbo-remoting-netty4/src/test/java/org/apache/dubbo/remoting/transport/netty4/NettyTransporterTest.java,NettyTransporterTest,2
dubbo/dubbo-registry/dubbo-registry-default/src/main/java/org/apache/dubbo/registry/dubbo/DubboRegistry.java,DubboRegistry,8
dubbo/dubbo-remoting/dubbo-remoting-etcd3/src/main/java/org/apache/dubbo/remoting/etcd/jetcd/RetryLoops.java,RetryLoops,5
dubbo/dubbo-remoting/dubbo-remoting-api/src/main/java/org/apache/dubbo/remoting/transport/AbstractClient.java,AbstractClient,22
dubbo/dubbo-registry/dubbo-registry-api/src/main/java/org/apache/dubbo/registry/client/selector/RandomServiceInstanceSelector.java,RandomServiceInstanceSelector,2
dubbo/dubbo-common/src/test/java/org/apache/dubbo/common/extension/ext8_add/impl/AddExt1_ManualAdd2.java,AddExt1_ManualAdd2,1
dubbo/dubbo-registry/dubbo-registry-api/src/main/java/org/apache/dubbo/registry/support/SkipFailbackWrapperException.java,SkipFailbackWrapperException,1
dubbo/dubbo-common/src/test/java/org/apache/dubbo/common/model/User.java,User,7
dubbo/dubbo-compatible/src/main/java/com/alibaba/dubbo/config/ServiceConfig.java,ServiceConfig,0
dubbo/dubbo-common/src/test/java/org/apache/dubbo/common/config/configcenter/ConfigChangeTypeTest.java,ConfigChangeTypeTest,1
dubbo/dubbo-remoting/dubbo-remoting-p2p/src/main/java/org/apache/dubbo/remoting/p2p/exchange/support/FileExchangeNetworker.java,FileExchangeNetworker,1
dubbo/dubbo-serialization/dubbo-serialization-test/src/test/java/org/apache/dubbo/common/serialize/kryo/ReflectionUtilsTest.java,Foo,0
dubbo/dubbo-common/src/test/java/org/apache/dubbo/common/model/SerializablePerson.java,SerializablePerson,11
dubbo/dubbo-registry/dubbo-registry-api/src/main/java/org/apache/dubbo/registry/client/metadata/RefreshServiceMetadataCustomizer.java,RefreshServiceMetadataCustomizer,2
dubbo/dubbo-config/dubbo-config-api/src/test/java/org/apache/dubbo/config/MonitorConfigTest.java,MonitorConfigTest,9
elasticsearch/x-pack/plugin/watcher/src/main/java/org/elasticsearch/xpack/watcher/notification/email/support/BodyPartSource.java,BodyPartSource,5
elasticsearch/server/src/main/java/org/elasticsearch/search/aggregations/bucket/terms/IncludeExclude.java,AutomatonBackedOrdinalsFilter,1
elasticsearch/server/src/main/java/org/elasticsearch/action/fieldcaps/FieldCapabilitiesAction.java,FieldCapabilitiesAction,0
elasticsearch/server/src/main/java/org/elasticsearch/action/support/replication/ReplicationRequest.java,ReplicationRequest,19
elasticsearch/server/src/main/java/org/elasticsearch/search/aggregations/bucket/sampler/SamplerAggregator.java,SamplerAggregator,7
elasticsearch/x-pack/plugin/security/src/test/java/org/elasticsearch/integration/ClearRealmsCacheTests.java,ClearRealmsCacheTests,11
elasticsearch/server/src/main/java/org/elasticsearch/action/support/replication/TransportReplicationAction.java,RetryOnReplicaException,0
elasticsearch/server/src/main/java/org/elasticsearch/index/fielddata/MultiGeoPointValues.java,MultiGeoPointValues,3
elasticsearch/x-pack/plugin/security/src/main/java/org/elasticsearch/xpack/security/rest/action/role/RestDeleteRoleAction.java,RestDeleteRoleAction,4
elasticsearch/server/src/main/java/org/elasticsearch/action/admin/cluster/state/ClusterStateResponse.java,ClusterStateResponse,8
elasticsearch/x-pack/plugin/watcher/src/test/java/org/elasticsearch/xpack/watcher/condition/ScriptConditionTests.java,ScriptConditionTests,10
elasticsearch/server/src/main/java/org/elasticsearch/search/aggregations/metrics/ParsedValueCount.java,ParsedValueCount,6
elasticsearch/modules/reindex/src/main/java/org/elasticsearch/index/reindex/remote/RemoteScrollableHitSource.java,RemoteScrollableHitSource,9
elasticsearch/x-pack/plugin/core/src/test/java/org/elasticsearch/xpack/core/ilm/PauseFollowerIndexStepTests.java,PauseFollowerIndexStepTests,3
elasticsearch/test/logger-usage/src/main/java/org/elasticsearch/test/loggerusage/ESLoggerUsageChecker.java,IntegerConstantBasicValue,0
elasticsearch/server/src/test/java/org/elasticsearch/indices/memory/breaker/CircuitBreakerUnitTests.java,CircuitBreakerUnitTests,4
elasticsearch/x-pack/plugin/sql/src/main/java/org/elasticsearch/xpack/sql/parser/SqlBaseParser.java,PrimaryExpressionContext,2
elasticsearch/x-pack/plugin/vectors/src/test/java/org/elasticsearch/xpack/vectors/query/DenseVectorFunctionTests.java,DenseVectorFunctionTests,7
elasticsearch/modules/lang-expression/src/main/java/org/elasticsearch/script/expression/GeoEmptyValueSource.java,GeoEmptyValueSource,4
elasticsearch/server/src/test/java/org/elasticsearch/plugins/PluginsTests.java,PluginsTests,2
elasticsearch/client/rest-high-level/src/main/java/org/elasticsearch/client/ml/GetTrainedModelsStatsResponse.java,GetTrainedModelsStatsResponse,5
elasticsearch/server/src/test/java/org/elasticsearch/common/hash/MessageDigestsTests.java,MessageDigestsTests,5
elasticsearch/server/src/main/java/org/elasticsearch/common/inject/internal/MoreTypes.java,MemberImpl,5
elasticsearch/modules/lang-painless/src/test/java/org/elasticsearch/painless/BaseClassTests.java,ReturnsPrimitiveInt,1
elasticsearch/buildSrc/src/test/java/org/elasticsearch/gradle/DistributionDownloadPluginIT.java,DistributionDownloadPluginIT,11
elasticsearch/x-pack/plugin/sql/src/main/java/org/elasticsearch/xpack/sql/querydsl/container/Sort.java,Sort,2
elasticsearch/x-pack/plugin/sql/src/main/java/org/elasticsearch/xpack/sql/expression/function/grouping/Histogram.java,Histogram,8
elasticsearch/x-pack/plugin/graph/src/main/java/org/elasticsearch/xpack/graph/action/TransportGraphExploreAction.java,TransportGraphExploreAction,1
elasticsearch/modules/lang-painless/src/main/java/org/elasticsearch/painless/node/SFor.java,SFor,3
elasticsearch/server/src/test/java/org/elasticsearch/action/get/MultiGetResponseTests.java,MultiGetResponseTests,2
elasticsearch/x-pack/plugin/security/src/main/java/org/elasticsearch/xpack/security/action/privilege/TransportGetBuiltinPrivilegesAction.java,TransportGetBuiltinPrivilegesAction,1
elasticsearch/x-pack/plugin/core/src/main/java/org/elasticsearch/xpack/core/ml/utils/MlIndexAndAlias.java,MlIndexAndAlias,1
elasticsearch/plugins/discovery-ec2/src/main/java/org/elasticsearch/discovery/ec2/AwsEc2Service.java,HostType,0
elasticsearch/x-pack/plugin/core/src/main/java/org/elasticsearch/xpack/core/ssl/PemUtils.java,PemUtils,16
elasticsearch/server/src/test/java/org/elasticsearch/search/suggest/phrase/StupidBackoffModelTests.java,StupidBackoffModelTests,5
elasticsearch/server/src/test/java/org/elasticsearch/cluster/coordination/ElectionSchedulerFactoryTests.java,ElectionSchedulerFactoryTests,5
elasticsearch/server/src/test/java/org/elasticsearch/common/geo/GeometryIOTests.java,GeometryIOTests,3
elasticsearch/x-pack/plugin/security/src/test/java/org/elasticsearch/xpack/ssl/SSLErrorMessageFileTests.java,SSLErrorMessageFileTests,46
elasticsearch/server/src/main/java/org/elasticsearch/index/query/AbstractQueryBuilder.java,AbstractQueryBuilder,31
elasticsearch/x-pack/plugin/core/src/main/java/org/elasticsearch/xpack/core/watcher/transport/actions/service/WatcherServiceAction.java,WatcherServiceAction,0
elasticsearch/x-pack/plugin/watcher/src/test/java/org/elasticsearch/xpack/watcher/transform/TransformIntegrationTests.java,CustomScriptPlugin,1
elasticsearch/x-pack/plugin/eql/src/test/java/org/elasticsearch/xpack/eql/EqlTestUtils.java,EqlTestUtils,1
elasticsearch/x-pack/plugin/ql/src/main/java/org/elasticsearch/xpack/ql/expression/predicate/Range.java,Range,16
elasticsearch/modules/reindex/src/test/java/org/elasticsearch/index/reindex/AsyncBulkByScrollActionTests.java,DummyActionWithoutBackoff,1
elasticsearch/modules/parent-join/src/main/java/org/elasticsearch/join/query/ParentChildInnerHitContextBuilder.java,JoinFieldInnerHitSubContext,2
elasticsearch/server/src/main/java/org/elasticsearch/common/lucene/store/ByteArrayIndexInput.java,ByteArrayIndexInput,7
elasticsearch/server/src/test/java/org/elasticsearch/index/query/RegexpQueryBuilderTests.java,RegexpQueryBuilderTests,8
elasticsearch/x-pack/plugin/ml/src/test/java/org/elasticsearch/xpack/ml/filestructurefinder/NdJsonFileStructureFinderTests.java,NdJsonFileStructureFinderTests,1
elasticsearch/x-pack/plugin/core/src/main/java/org/elasticsearch/xpack/core/ml/action/GetModelSnapshotsAction.java,GetModelSnapshotsAction,0
elasticsearch/server/src/main/java/org/elasticsearch/search/aggregations/bucket/histogram/InternalHistogram.java,IteratorAndCurrent,0
elasticsearch/client/rest-high-level/src/main/java/org/elasticsearch/client/ml/DeleteJobResponse.java,DeleteJobResponse,6
elasticsearch/client/rest-high-level/src/main/java/org/elasticsearch/client/security/GetRolesRequest.java,GetRolesRequest,3
elasticsearch/plugins/discovery-ec2/qa/amazon-ec2/src/test/java/org/elasticsearch/discovery/ec2/AmazonEC2Fixture.java,AmazonEC2Fixture,4
elasticsearch/x-pack/plugin/watcher/src/main/java/org/elasticsearch/xpack/watcher/transport/actions/put/TransportPutWatchAction.java,TransportPutWatchAction,1
elasticsearch/x-pack/plugin/core/src/test/java/org/elasticsearch/test/http/Headers.java,Headers,3
elasticsearch/x-pack/plugin/core/src/main/java/org/elasticsearch/xpack/core/security/action/privilege/DeletePrivilegesAction.java,DeletePrivilegesAction,0
elasticsearch/server/src/main/java/org/elasticsearch/search/fetch/FetchPhase.java,FetchPhase,8
elasticsearch/server/src/test/java/org/elasticsearch/action/admin/indices/mapping/get/GetMappingsResponseTests.java,GetMappingsResponseTests,7
elasticsearch/server/src/main/java/org/elasticsearch/action/admin/indices/segments/IndicesSegmentsRequestBuilder.java,IndicesSegmentsRequestBuilder,1
elasticsearch/x-pack/plugin/ml/src/test/java/org/elasticsearch/xpack/ml/dataframe/process/AnalyticsProcessManagerTests.java,AnalyticsProcessManagerTests,10
elasticsearch/server/src/main/java/org/elasticsearch/action/get/MultiGetRequestBuilder.java,MultiGetRequestBuilder,7
elasticsearch/server/src/main/java/org/elasticsearch/search/internal/ShardSearchRequest.java,ShardSearchRequest,26
elasticsearch/server/src/main/java/org/elasticsearch/snapshots/RestoreService.java,CleanRestoreStateTaskExecutor,3
elasticsearch/distribution/tools/java-version-checker/src/main/java/org/elasticsearch/tools/java_version_checker/JavaVersion.java,JavaVersion,3
elasticsearch/server/src/test/java/org/elasticsearch/common/util/BigArraysTests.java,BigArraysHelper,0
elasticsearch/plugins/examples/custom-suggester/src/test/java/org/elasticsearch/example/customsuggester/CustomSuggesterClientYamlTestSuiteIT.java,CustomSuggesterClientYamlTestSuiteIT,1
elasticsearch/server/src/main/java/org/elasticsearch/snapshots/SnapshotException.java,SnapshotException,3
elasticsearch/server/src/main/java/org/elasticsearch/common/util/BigArrays.java,FloatArrayWrapper,5
elasticsearch/server/src/main/java/org/elasticsearch/threadpool/ThreadPoolStats.java,Stats,10
elasticsearch/x-pack/plugin/security/src/test/java/org/elasticsearch/xpack/security/authz/permission/FieldPermissionsTests.java,FieldPermissionsTests,3
elasticsearch/x-pack/plugin/core/src/main/java/org/elasticsearch/xpack/core/ml/action/GetDatafeedsAction.java,Request,7
elasticsearch/x-pack/plugin/sql/qa/multi-node/src/test/java/org/elasticsearch/xpack/sql/qa/multi_node/RestSqlIT.java,RestSqlIT,0
elasticsearch/plugins/analysis-ukrainian/src/test/java/org/elasticsearch/index/analysis/SimpleUkrainianAnalyzerTests.java,SimpleUkrainianAnalyzerTests,2
elasticsearch/server/src/test/java/org/elasticsearch/cluster/health/ClusterStateHealthTests.java,ClusterStateHealthTests,18
elasticsearch/server/src/main/java/org/elasticsearch/common/cache/Cache.java,CacheSegment,4
elasticsearch/modules/aggs-matrix-stats/src/main/java/org/elasticsearch/search/aggregations/matrix/stats/MatrixStatsAggregator.java,MatrixStatsAggregator,5
elasticsearch/plugins/transport-nio/src/main/java/org/elasticsearch/http/nio/NioHttpChannel.java,NioHttpChannel,3
elasticsearch/server/src/main/java/org/elasticsearch/common/lucene/search/FilteredCollector.java,FilteredCollector,2
elasticsearch/server/src/test/java/org/elasticsearch/action/admin/cluster/stats/ClusterStatsNodesTests.java,ClusterStatsNodesTests,3
elasticsearch/x-pack/plugin/core/src/test/java/org/elasticsearch/xpack/core/ilm/ShrunkShardsAllocatedStepTests.java,ShrunkShardsAllocatedStepTests,6
elasticsearch/x-pack/plugin/core/src/main/java/org/elasticsearch/xpack/core/ilm/action/MoveToStepAction.java,Response,0
elasticsearch/x-pack/plugin/sql/src/main/java/org/elasticsearch/xpack/sql/expression/function/scalar/geo/StDistancePipe.java,StDistancePipe,5
elasticsearch/client/rest-high-level/src/test/java/org/elasticsearch/client/rollup/GetRollupJobRequestTests.java,GetRollupJobRequestTests,2
elasticsearch/server/src/test/java/org/elasticsearch/search/sort/ScriptSortBuilderTests.java,ScriptSortBuilderTests,19
elasticsearch/server/src/main/java/org/elasticsearch/common/io/Streams.java,FlushOnCloseOutputStream,6
elasticsearch/server/src/test/java/org/elasticsearch/repositories/blobstore/BlobStoreRepositoryTests.java,FsLikeRepoPlugin,1
elasticsearch/x-pack/plugin/eql/src/test/java/org/elasticsearch/xpack/eql/action/EqlSearchResponseTests.java,EqlSearchResponseTests,8
elasticsearch/libs/nio/src/main/java/org/elasticsearch/nio/TaskScheduler.java,DelayedTask,2
elasticsearch/server/src/main/java/org/elasticsearch/indices/AbstractIndexShardCacheEntity.java,AbstractIndexShardCacheEntity,5
elasticsearch/server/src/main/java/org/elasticsearch/search/SearchPhaseResult.java,SearchPhaseResult,8
elasticsearch/test/framework/src/main/java/org/elasticsearch/test/disruption/NetworkDisruption.java,Bridge,7
elasticsearch/server/src/test/java/org/elasticsearch/node/ResponseCollectorServiceTests.java,ResponseCollectorServiceTests,5
elasticsearch/server/src/main/java/org/elasticsearch/action/support/master/AcknowledgedRequestBuilder.java,AcknowledgedRequestBuilder,2
elasticsearch/client/rest-high-level/src/main/java/org/elasticsearch/client/security/user/privileges/AbstractIndicesPrivileges.java,AbstractIndicesPrivileges,5
elasticsearch/x-pack/plugin/core/src/test/java/org/elasticsearch/xpack/core/security/action/privilege/PutPrivilegesResponseTests.java,PutPrivilegesResponseTests,1
elasticsearch/server/src/main/java/org/elasticsearch/index/reindex/UpdateByQueryRequest.java,UpdateByQueryRequest,16
elasticsearch/server/src/test/java/org/elasticsearch/index/seqno/RetentionLeaseXContentTests.java,RetentionLeaseXContentTests,3
elasticsearch/server/src/test/java/org/elasticsearch/indices/recovery/IndexRecoveryIT.java,RecoveryActionBlocker,1
elasticsearch/modules/aggs-matrix-stats/src/test/java/org/elasticsearch/search/aggregations/matrix/stats/MatrixStatsAggregatorTests.java,MatrixStatsAggregatorTests,3
elasticsearch/server/src/main/java/org/elasticsearch/action/bulk/TransportBulkAction.java,TransportBulkAction,11
elasticsearch/x-pack/plugin/core/src/main/java/org/elasticsearch/xpack/core/rollup/action/StopRollupJobAction.java,Request,8
elasticsearch/test/framework/src/test/java/org/elasticsearch/test/rest/yaml/section/SetupSectionTests.java,SetupSectionTests,3
elasticsearch/x-pack/plugin/core/src/main/java/org/elasticsearch/xpack/core/ssl/rest/RestGetCertificateInfoAction.java,RestGetCertificateInfoAction,3
elasticsearch/server/src/main/java/org/elasticsearch/gateway/PersistedClusterStateService.java,istedClusterStateService{,12
elasticsearch/x-pack/plugin/ml/src/main/java/org/elasticsearch/xpack/ml/action/TransportGetCalendarEventsAction.java,TransportGetCalendarEventsAction,2
elasticsearch/server/src/main/java/org/elasticsearch/common/inject/InjectorImpl.java,BindingsMultimap,2
elasticsearch/server/src/test/java/org/elasticsearch/action/fieldcaps/FieldCapabilitiesTests.java,FieldCapabilitiesTests,6
elasticsearch/x-pack/plugin/watcher/src/main/java/org/elasticsearch/xpack/watcher/actions/jira/JiraAction.java,Builder,1
elasticsearch/x-pack/plugin/eql/src/main/java/org/elasticsearch/xpack/eql/parser/EqlParser.java,EqlParser,6
elasticsearch/server/src/test/java/org/elasticsearch/search/aggregations/bucket/geogrid/GeoGridAggregatorTestCase.java,GeoGridAggregatorTestCase,10
elasticsearch/x-pack/plugin/monitoring/src/test/java/org/elasticsearch/xpack/monitoring/exporter/http/HttpExporterSslIT.java,HttpExporterSslIT,13
elasticsearch/server/src/main/java/org/elasticsearch/index/codec/PerFieldMappingPostingFormatCodec.java,PerFieldMappingPostingFormatCodec,1
elasticsearch/x-pack/plugin/core/src/test/java/org/elasticsearch/xpack/core/deprecation/DeprecationInfoActionResponseTests.java,DeprecationInfoActionResponseTests,3
elasticsearch/server/src/main/java/org/elasticsearch/search/aggregations/bucket/terms/ParsedTerms.java,ParsedBucket,3
elasticsearch/server/src/main/java/org/elasticsearch/index/mapper/SourceToParse.java,SourceToParse,5
elasticsearch/x-pack/plugin/ml/src/main/java/org/elasticsearch/xpack/ml/rest/filter/RestPutFilterAction.java,RestPutFilterAction,4
elasticsearch/server/src/main/java/org/elasticsearch/action/admin/indices/upgrade/get/UpgradeStatusResponse.java,Fields,0
elasticsearch/x-pack/plugin/sql/src/main/java/org/elasticsearch/xpack/sql/expression/function/scalar/string/CharLength.java,CharLength,4
elasticsearch/server/src/test/java/org/elasticsearch/action/search/SearchShardIteratorTests.java,SearchShardIteratorTests,8
elasticsearch/server/src/test/java/org/elasticsearch/search/profile/aggregation/AggregationProfilerIT.java,AggregationProfilerIT,8
elasticsearch/x-pack/plugin/eql/src/main/java/org/elasticsearch/xpack/eql/querydsl/container/ComputedRef.java,ComputedRef,4
elasticsearch/server/src/main/java/org/elasticsearch/script/ClassPermission.java,ClassPermission,2
elasticsearch/server/src/test/java/org/elasticsearch/transport/ConnectionProfileTests.java,ConnectionProfileTests,4
elasticsearch/modules/reindex/src/main/java/org/elasticsearch/index/reindex/remote/RemoteRequestBuilders.java,RemoteRequestBuilders,6
elasticsearch/server/src/main/java/org/elasticsearch/search/aggregations/SearchContextAggregations.java,SearchContextAggregations,5
elasticsearch/x-pack/plugin/core/src/main/java/org/elasticsearch/xpack/core/watcher/transport/actions/stats/WatcherStatsRequest.java,Node,4
elasticsearch/server/src/test/java/org/elasticsearch/index/mapper/ExternalValuesMapperIntegrationIT.java,ExternalValuesMapperIntegrationIT,4
elasticsearch/server/src/main/java/org/elasticsearch/action/resync/ResyncReplicationResponse.java,ResyncReplicationResponse,1
elasticsearch/modules/transport-netty4/src/main/java/org/elasticsearch/transport/netty4/ESLoggingHandler.java,ESLoggingHandler,1
elasticsearch/server/src/main/java/org/elasticsearch/action/admin/indices/template/get/GetIndexTemplatesAction.java,GetIndexTemplatesAction,0
elasticsearch/server/src/main/java/org/elasticsearch/script/TermsSetQueryScript.java,TermsSetQueryScript,5
elasticsearch/x-pack/plugin/core/src/main/java/org/elasticsearch/xpack/core/security/authc/support/TokensInvalidationResult.java,TokensInvalidationResult,6
elasticsearch/modules/lang-painless/src/main/java/org/elasticsearch/painless/Scope.java,Scope,12
elasticsearch/server/src/main/java/org/elasticsearch/cluster/coordination/NodeRemovalClusterStateTaskExecutor.java,NodeRemovalClusterStateTaskExecutor,5
elasticsearch/server/src/test/java/org/elasticsearch/action/admin/cluster/configuration/TransportAddVotingConfigExclusionsActionTests.java,TransportAddVotingConfigExclusionsActionTests,18
elasticsearch/server/src/test/java/org/elasticsearch/search/aggregations/bucket/IpRangeIT.java,DummyScriptPlugin,1
elasticsearch/test/framework/src/test/java/org/elasticsearch/cluster/coordination/MockSinglePrioritizingExecutorTests.java,DeterministicTaskQueueTests,21
elasticsearch/test/framework/src/test/java/org/elasticsearch/test/test/LoggingListenerTests.java,AnnotatedTestClass,0
guava/guava-testlib/test/com/google/common/collect/testing/IteratorTesterTest.java,ThrowingIterator,3
guava/android/guava-testlib/src/com/google/common/collect/testing/google/SetGenerators.java,ImmutableSortedSetDescendingGenerator,1
guava/guava-tests/test/com/google/common/util/concurrent/UncaughtExceptionHandlersTest.java,UncaughtExceptionHandlersTest,2
guava/android/guava-tests/test/com/google/common/util/concurrent/InterruptionUtil.java,Interruptenator,2
guava/guava/src/com/google/common/collect/Maps.java,ewCachingAbstractMap<K,6
guava/android/guava/src/com/google/common/collect/ImmutableList.java,SubList,7
guava/guava-tests/test/com/google/common/primitives/IntArrayAsListTest.java,SampleIntegers,0
guava/android/guava-tests/test/com/google/common/eventbus/PackageSanityTests.java,PackageSanityTests,0
guava/android/guava-tests/test/com/google/common/util/concurrent/AbstractServiceTest.java,NoOpService,2
guava/android/guava-testlib/src/com/google/common/collect/testing/DerivedCollectionGenerators.java,ForwardingTestMapGenerator,6
guava/guava/src/com/google/common/util/concurrent/ForwardingFuture.java,SimpleForwardingFuture,1
guava/android/guava/src/com/google/common/collect/Synchronized.java,SynchronizedBiMap,4
lucene-solr/lucene/suggest/src/java/org/apache/lucene/search/suggest/analyzing/AnalyzingSuggester.java,AnalyzingComparator,1
lucene-solr/lucene/join/src/java/org/apache/lucene/search/join/GlobalOrdinalsWithScoreCollector.java,Sum,2
lucene-solr/lucene/replicator/src/java/org/apache/lucene/replicator/nrt/CopyState.java,CopyState,1
lucene-solr/lucene/spatial3d/src/java/org/apache/lucene/spatial3d/geom/GeoStandardPath.java,PathSegment,11
lucene-solr/lucene/core/src/test/org/apache/lucene/index/TestMaxTermFrequency.java,TestSimilarity,2
lucene-solr/lucene/core/src/test/org/apache/lucene/analysis/TestCachingTokenFilter.java,TestCachingTokenFilter,3
lucene-solr/lucene/core/src/test/org/apache/lucene/analysis/TestGraphTokenizers.java,RemoveATokens,3
lucene-solr/lucene/core/src/test/org/apache/lucene/index/TestTermVectors.java,TestTermVectors,9
lucene-solr/lucene/queries/src/java/org/apache/lucene/queries/function/IndexReaderFunctions.java,IndexReaderFunctions,9
lucene-solr/lucene/core/src/java/org/apache/lucene/codecs/NormsFormat.java,NormsFormat,2
lucene-solr/solr/core/src/java/org/apache/solr/schema/ManagedIndexSchema.java,SchemaChangedInZkException,0
lucene-solr/lucene/core/src/test/org/apache/lucene/index/TestLongPostings.java,TestLongPostings,4
lucene-solr/solr/contrib/analytics/src/java/org/apache/solr/analytics/stream/reservation/StringReservation.java,StringReservation,2
lucene-solr/solr/core/src/java/org/apache/solr/core/AbstractSolrEventListener.java,AbstractSolrEventListener,8
lucene-solr/solr/core/src/java/org/apache/solr/search/SolrQueryParser.java,SolrQueryParser,0
lucene-solr/solr/solrj/src/java/org/apache/solr/client/solrj/cloud/autoscaling/VariableBase.java,VariableBase,8
lucene-solr/lucene/core/src/test/org/apache/lucene/index/TestCustomTermFreq.java,TestCustomTermFreq,12
lucene-solr/solr/solrj/src/java/org/apache/solr/common/util/FastWriter.java,FastWriter,11
lucene-solr/solr/core/src/java/org/apache/solr/cloud/ElectionContext.java,ShardLeaderElectionContext,11
lucene-solr/lucene/luke/src/java/org/apache/lucene/luke/app/desktop/components/fragments/analysis/PresetAnalyzerPanelProvider.java,ListenerFunctions,1
lucene-solr/solr/core/src/java/org/apache/solr/cloud/autoscaling/sim/SimScenario.java,SetEventListener,1
lucene-solr/solr/core/src/test/org/apache/solr/cloud/SolrCLIZkUtilsTest.java,SolrCLIZkUtilsTest,14
lucene-solr/solr/contrib/analytics/src/test/org/apache/solr/analytics/legacy/facet/LegacyRangeFacetCloudTest.java,LegacyRangeFacetCloudTest,6
lucene-solr/lucene/analysis/common/src/java/org/tartarus/snowball/ext/German2Stemmer.java,German2Stemmer,9
lucene-solr/lucene/core/src/test/org/apache/lucene/codecs/compressing/TestFastCompressionMode.java,TestFastCompressionMode,1
lucene-solr/solr/core/src/java/org/apache/solr/search/DocSetBuilder.java,DocSetBuilder,10
lucene-solr/solr/core/src/java/org/apache/solr/servlet/cache/HttpCacheHeaderUtil.java,EtagCacheVal,1
lucene-solr/solr/core/src/java/org/apache/solr/handler/CdcrLeaderStateManager.java,LeaderStateWatcher,2
lucene-solr/solr/core/src/java/org/apache/solr/search/SolrFilter.java,SolrFilter,3
lucene-solr/solr/core/src/java/org/apache/solr/handler/StandardRequestHandler.java,StandardRequestHandler,1
lucene-solr/lucene/core/src/java/org/apache/lucene/util/RamUsageEstimator.java,RamUsageQueryVisitor,3
lucene-solr/lucene/spatial3d/src/java/org/apache/lucene/spatial3d/geom/Vector.java,Vector,31
lucene-solr/lucene/core/src/test/org/apache/lucene/analysis/TestCharFilter.java,CharFilter2,2
lucene-solr/solr/core/src/java/org/apache/solr/util/ExportTool.java,MultiThreadedRunner,3
lucene-solr/lucene/test-framework/src/java/org/apache/lucene/search/RandomApproximationQuery.java,RandomTwoPhaseView,2
lucene-solr/solr/contrib/analytics/src/java/org/apache/solr/analytics/util/FacetRangeGenerator.java,LongFacetRangeGenerator,2
lucene-solr/lucene/core/src/java/org/apache/lucene/search/similarities/DFRSimilarity.java,DFRSimilarity,7
lucene-solr/solr/core/src/java/org/apache/solr/pkg/PackageLoader.java,Package,7
lucene-solr/lucene/test-framework/src/test/org/apache/lucene/util/WithNestedTests.java,AbstractNestedTest,1
lucene-solr/lucene/core/src/java/org/apache/lucene/codecs/lucene84/Lucene84SkipWriter.java,Lucene84SkipWriter,6
lucene-solr/lucene/core/src/test/org/apache/lucene/util/compress/LZ4TestCase.java,LZ4TestCase,11
lucene-solr/solr/contrib/analytics/src/java/org/apache/solr/analytics/function/mapping/LambdaFunction.java,DateStreamInDateValueOutFunction,6
lucene-solr/lucene/test-framework/src/java/org/apache/lucene/mockfile/FilterInputStream2.java,FilterInputStream2,9
lucene-solr/lucene/codecs/src/test/org/apache/lucene/codecs/simpletext/TestSimpleTextNormsFormat.java,TestSimpleTextNormsFormat,1
lucene-solr/solr/contrib/analytics/src/test/org/apache/solr/analytics/legacy/facet/LegacyFieldFacetExtrasCloudTest.java,LegacyFieldFacetExtrasCloudTest,4
lucene-solr/lucene/analysis/common/src/java/org/apache/lucene/analysis/miscellaneous/KeepWordFilterFactory.java,KeepWordFilterFactory,4
lucene-solr/solr/core/src/test/org/apache/solr/update/processor/RuntimeUrp.java,RuntimeUrp,1
lucene-solr/solr/solrj/src/test/org/apache/solr/client/solrj/LargeVolumeTestBase.java,LargeVolumeTestBase,2
lucene-solr/lucene/analysis/common/src/java/org/apache/lucene/analysis/es/SpanishMinimalStemmer.java,SpanishMinimalStemmer,1
lucene-solr/solr/contrib/analytics/src/java/org/apache/solr/analytics/facet/compare/FacetValueComparator.java,FacetValueComparator,1
lucene-solr/solr/core/src/test/org/apache/solr/core/QueryResultKeyTest.java,FlatHashTermQuery,1
lucene-solr/solr/core/src/test/org/apache/solr/SolrInfoBeanTest.java,SolrInfoBeanTest,3
lucene-solr/solr/solrj/src/java/org/apache/solr/client/solrj/io/eval/ConvexHullEvaluator.java,ConvexHullEvaluator,2
lucene-solr/solr/solrj/src/java/org/apache/solr/client/solrj/io/eval/TemporalEvaluatorDayOfQuarter.java,TemporalEvaluatorDayOfQuarter,1
lucene-solr/solr/solrj/src/java/org/apache/solr/client/solrj/io/graph/GatherNodesStream.java,NodeStream,8
lucene-solr/solr/core/src/test/org/apache/solr/cloud/DeleteStatusTest.java,DeleteStatusTest,6
lucene-solr/lucene/core/src/test/org/apache/lucene/index/TestDocCount.java,TestDocCount,3
lucene-solr/solr/solrj/src/java/org/apache/solr/client/solrj/request/CoreAdminRequest.java,CreateSnapshot,2
lucene-solr/lucene/highlighter/src/java/org/apache/lucene/search/highlight/DefaultEncoder.java,DefaultEncoder,1
lucene-solr/lucene/core/src/test/org/apache/lucene/search/TestWANDScorer.java,TestWANDScorer,6
lucene-solr/solr/core/src/test/org/apache/solr/response/TestCSVResponseWriter.java,TestCSVResponseWriter,6
lucene-solr/lucene/queryparser/src/java/org/apache/lucene/queryparser/flexible/core/nodes/OpaqueQueryNode.java,OpaqueQueryNode,5
lucene-solr/solr/solrj/src/java/org/apache/solr/client/solrj/io/eval/KolmogorovSmirnovEvaluator.java,KolmogorovSmirnovEvaluator,1
lucene-solr/lucene/analysis/common/src/java/org/apache/lucene/analysis/es/SpanishLightStemFilter.java,SpanishLightStemFilter,1
lucene-solr/solr/solrj/src/java/org/apache/solr/client/solrj/cloud/autoscaling/AlreadyExistsException.java,AlreadyExistsException,1
lucene-solr/lucene/analysis/common/src/java/org/apache/lucene/analysis/en/KStemFilter.java,KStemFilter,1
lucene-solr/solr/core/src/test/org/apache/solr/cloud/CloudTestUtils.java,CloudTestUtils,3
lucene-solr/lucene/queries/src/java/org/apache/lucene/queries/intervals/UnorderedIntervalsSource.java,UnorderedIntervalIterator,6
lucene-solr/solr/core/src/test/org/apache/solr/security/TestRuleBasedAuthorizationPlugin.java,TestRuleBasedAuthorizationPlugin,7
lucene-solr/lucene/monitor/src/test/org/apache/lucene/monitor/TestBooleanTermExtractor.java,TestBooleanTermExtractor,12
lucene-solr/lucene/monitor/src/test/org/apache/lucene/monitor/TestFieldTermFilteredPresearcher.java,TestFieldTermFilteredPresearcher,1
lucene-solr/lucene/core/src/test/org/apache/lucene/util/fst/TestFSTs.java,TwoLongs,0
lucene-solr/solr/solrj/src/java/org/apache/solr/client/solrj/impl/CloudSolrClient.java,CloudSolrClient,13
lucene-solr/solr/core/src/java/org/apache/solr/search/join/ScoreJoinQParserPlugin.java,ScoreJoinQParserPlugin,4
lucene-solr/solr/core/src/test/org/apache/solr/util/TestRTimerTree.java,TestRTimerTree,1
lucene-solr/lucene/analysis/common/src/java/org/apache/lucene/analysis/th/ThaiAnalyzer.java,ThaiAnalyzer,3
lucene-solr/solr/solrj/src/java/org/apache/solr/client/solrj/cloud/autoscaling/Row.java,Row,22
lucene-solr/solr/solrj/src/java/org/apache/solr/client/solrj/request/JavaBinUpdateRequestCodec.java,StreamingCodec,6
lucene-solr/lucene/queryparser/src/test/org/apache/lucene/queryparser/surround/query/Test01Exceptions.java,Test01Exceptions,2
lucene-solr/lucene/spatial-extras/src/test/org/apache/lucene/spatial/serialized/SerializedStrategyTest.java,SerializedStrategyTest,4
lucene-solr/lucene/expressions/src/java/org/apache/lucene/expressions/ExpressionFunctionValues.java,ExpressionFunctionValues,2
lucene-solr/solr/contrib/analytics/src/java/org/apache/solr/analytics/function/reduction/MedianFunction.java,LongMedianFunction,1
lucene-solr/lucene/classification/src/test/org/apache/lucene/classification/BooleanPerceptronClassifierTest.java,BooleanPerceptronClassifierTest,4
lucene-solr/lucene/test-framework/src/java/org/apache/lucene/index/PointsStackTracker.java,Cell,1
lucene-solr/solr/contrib/analytics/src/java/org/apache/solr/analytics/facet/AnalyticsFacet.java,AnalyticsFacet,9
lucene-solr/solr/core/src/test/org/apache/solr/update/processor/AtomicUpdateProcessorFactoryTest.java,AtomicUpdateProcessorFactoryTest,7
lucene-solr/solr/core/src/java/org/apache/solr/handler/component/SpellCheckComponent.java,SpellCheckerListener,5
lucene-solr/lucene/queryparser/src/java/org/apache/lucene/queryparser/classic/QueryParser.java,JJCalls,0
lucene-solr/lucene/core/src/java/org/apache/lucene/geo/Point2D.java,Point2D,15
lucene-solr/solr/core/src/java/org/apache/solr/security/DelegationTokenKerberosFilter.java,SolrZkToCuratorCredentialsACLs,4
lucene-solr/lucene/queryparser/src/java/org/apache/lucene/queryparser/classic/ParseException.java,ParseException,2
lucene-solr/lucene/core/src/java/org/apache/lucene/index/FreqProxTermsWriterPerField.java,FreqProxTermsWriterPerField,9
lucene-solr/solr/solrj/src/java/org/apache/solr/client/solrj/io/stream/TopicStream.java,TopicStream,14
lucene-solr/lucene/core/src/java/org/apache/lucene/codecs/compressing/CompressionMode.java,LZ4FastCompressor,2
lucene-solr/lucene/facet/src/java/org/apache/lucene/facet/taxonomy/FacetLabel.java,FacetLabel,7
lucene-solr/lucene/core/src/test/org/apache/lucene/util/TestIntroSelector.java,TestIntroSelector,3
lucene-solr/lucene/test-framework/src/java/org/apache/lucene/index/AssertingLeafReader.java,AssertingPostingsEnum,9
lucene-solr/solr/contrib/analytics/src/java/org/apache/solr/analytics/function/mapping/LambdaFunction.java,LongStreamInLongStreamOutFunction,4
lucene-solr/lucene/highlighter/src/test/org/apache/lucene/search/uhighlight/TestUnifiedHighlighterMTQ.java,MyWrapperSpanQuery,7
lucene-solr/solr/core/src/test/org/apache/solr/handler/component/QueryElevationComponentTest.java,QueryElevationComponentTest,18
lucene-solr/solr/core/src/java/org/apache/solr/store/blockcache/BlockCacheLocation.java,BlockCacheLocation,9
lucene-solr/solr/core/src/test/org/apache/solr/cloud/autoscaling/TriggerCooldownIntegrationTest.java,TriggerCooldownIntegrationTest,3
lucene-solr/solr/core/src/java/org/apache/solr/update/processor/SimpleUpdateProcessorFactory.java,SimpleUpdateProcessorFactory,7
lucene-solr/solr/core/src/test/org/apache/solr/cloud/LeaderElectionContextKeyTest.java,LeaderElectionContextKeyTest,3
lucene-solr/lucene/core/src/test/org/apache/lucene/index/TestSizeBoundedForceMerge.java,TestSizeBoundedForceMerge,14
lucene-solr/lucene/analysis/common/src/java/org/apache/lucene/analysis/util/ElisionFilter.java,ElisionFilter,1
lucene-solr/lucene/core/src/java/org/apache/lucene/index/IndexCommit.java,IndexCommit,12
lucene-solr/lucene/core/src/java/org/apache/lucene/index/FilterLeafReader.java,FilterLeafReader,20
lucene-solr/solr/solrj/src/java/org/apache/solr/client/solrj/io/stream/NullStream.java,NullStream,11
lucene-solr/lucene/core/src/test/org/apache/lucene/search/TestReqExclBulkScorer.java,TestReqExclBulkScorer,2
lucene-solr/solr/solrj/src/java/org/apache/solr/common/EnumFieldValue.java,EnumFieldValue,8
lucene-solr/lucene/core/src/test/org/apache/lucene/index/TestCustomTermFreq.java,CannedTermFreqs,2
lucene-solr/solr/core/src/test/org/apache/solr/handler/component/PhrasesIdentificationComponentTest.java,PhrasesIdentificationComponentTest,17
lucene-solr/solr/solrj/src/java/org/apache/solr/client/solrj/impl/NoOpResponseParser.java,NoOpResponseParser,4
lucene-solr/lucene/core/src/java/org/apache/lucene/search/spans/SpanContainingQuery.java,SpanContainingWeight,2
lucene-solr/lucene/test-framework/src/java/org/apache/lucene/mockfile/ShuffleFS.java,ShuffleFS,1
lucene-solr/lucene/analysis/nori/src/test/org/apache/lucene/analysis/ko/TestKoreanPartOfSpeechStopFilterFactory.java,TestKoreanPartOfSpeechStopFilterFactory,2
lucene-solr/lucene/monitor/src/test/org/apache/lucene/monitor/TestMonitorPersistence.java,TestMonitorPersistence,2
lucene-solr/solr/contrib/dataimporthandler/src/test/org/apache/solr/handler/dataimport/TestContextImpl.java,TestContextImpl,4
lucene-solr/lucene/suggest/src/test/org/apache/lucene/search/suggest/document/TestFuzzyCompletionQuery.java,TestFuzzyCompletionQuery,5
lucene-solr/lucene/highlighter/src/test/org/apache/lucene/search/highlight/TokenSourcesTest.java,TokenSourcesTest,9
lucene-solr/lucene/sandbox/src/test/org/apache/lucene/search/TestTermAutomatonQuery.java,TestTermAutomatonQuery,25
lucene-solr/lucene/benchmark/src/test/org/apache/lucene/benchmark/byTask/TestPerfTasksLogic.java,MyMergePolicy,0
lucene-solr/lucene/benchmark/src/test/org/apache/lucene/benchmark/byTask/tasks/WriteLineDocTaskTest.java,WriteLineDocTaskTest,13
lucene-solr/lucene/benchmark/src/test/org/apache/lucene/benchmark/byTask/feeds/DocMakerTest.java,DocMakerTest,5
lucene-solr/lucene/benchmark/src/java/org/apache/lucene/benchmark/Constants.java,Constants,0
lucene-solr/lucene/benchmark/src/java/org/apache/lucene/benchmark/quality/trec/Trec1MQReader.java,1,0
lucene-solr/lucene/benchmark/src/java/org/apache/lucene/benchmark/byTask/PerfRunData.java,31,0
lucene-solr/lucene/benchmark/src/java/org/apache/lucene/benchmark/byTask/tasks/SearchTravRetHighlightTask.java,FastVectorHLImpl,1
lucene-solr/lucene/benchmark/src/java/org/apache/lucene/benchmark/byTask/tasks/ConsumeContentSourceTask.java,ConsumeContentSourceTask,2
lucene-solr/lucene/benchmark/src/java/org/apache/lucene/benchmark/byTask/tasks/RepSelectByPrefTask.java,RepSelectByPrefTask,2
lucene-solr/lucene/benchmark/src/java/org/apache/lucene/benchmark/byTask/tasks/NewLocaleTask.java,NewLocaleTask,4
spring-boot/spring-boot-tests/spring-boot-smoke-tests/spring-boot-smoke-test-data-solr/src/test/java/smoketest/data/solr/SampleSolrApplicationTests.java,SampleSolrApplicationTests,2
spring-boot/spring-boot-project/spring-boot-devtools/src/test/java/org/springframework/boot/devtools/integrationtest/HttpTunnelIntegrationTests.java,ServerConfiguration,4
spring-boot/spring-boot-project/spring-boot-autoconfigure/src/test/java/org/springframework/boot/autoconfigure/security/reactive/ReactiveUserDetailsServiceAutoConfigurationTests.java,UserConfig,1
spring-boot/spring-boot-project/spring-boot-tools/spring-boot-loader-tools/src/main/java/org/springframework/boot/loader/tools/BuildPropertiesWriter.java,BuildPropertiesWriter,3
spring-boot/spring-boot-project/spring-boot-tools/spring-boot-loader/src/test/java/org/springframework/boot/loader/archive/JarFileArchiveTests.java,JarFileArchiveTests,14
spring-boot/spring-boot-project/spring-boot-actuator-autoconfigure/src/test/java/org/springframework/boot/actuate/autoconfigure/neo4j/Neo4jHealthContributorAutoConfigurationTests.java,Neo4jHealthContributorAutoConfigurationTests,3
spring-boot/spring-boot-project/spring-boot-autoconfigure/src/main/java/org/springframework/boot/autoconfigure/session/JdbcSessionDataSourceInitializer.java,JdbcSessionDataSourceInitializer,2
spring-boot/spring-boot-project/spring-boot-tools/spring-boot-maven-plugin/src/test/java/org/springframework/boot/maven/JavaCompilerPluginConfigurationTests.java,JavaCompilerPluginConfigurationTests,5
spring-boot/spring-boot-project/spring-boot-actuator/src/test/java/org/springframework/boot/actuate/jms/JmsHealthIndicatorTests.java,UnresponsiveStartAnswer,2
spring-boot/spring-boot-project/spring-boot/src/test/java/org/springframework/boot/context/properties/bind/CollectionBinderTests.java,BeanWithGetterException,2
spring-boot/spring-boot-project/spring-boot-tools/spring-boot-loader-tools/src/main/java/org/springframework/boot/loader/tools/LogbackInitializer.java,Initializer,1
spring-boot/spring-boot-project/spring-boot-actuator-autoconfigure/src/main/java/org/springframework/boot/actuate/autoconfigure/metrics/export/statsd/StatsdProperties.java,StatsdProperties,14
spring-boot/spring-boot-project/spring-boot/src/main/java/org/springframework/boot/web/servlet/filter/OrderedHiddenHttpMethodFilter.java,OrderedHiddenHttpMethodFilter,2
spring-boot/spring-boot-tests/spring-boot-smoke-tests/spring-boot-smoke-test-oauth2-resource-server/src/main/java/smoketest/oauth2/resource/ExampleController.java,ExampleController,1
spring-boot/spring-boot-project/spring-boot-autoconfigure/src/test/java/org/springframework/boot/autoconfigure/context/PropertyPlaceholderAutoConfigurationTests.java,PropertyPlaceholderAutoConfigurationTests,3
spring-boot/spring-boot-project/spring-boot-autoconfigure/src/main/java/org/springframework/boot/autoconfigure/data/mongo/MongoRepositoriesAutoConfiguration.java,MongoRepositoriesAutoConfiguration,0
spring-boot/spring-boot-project/spring-boot-autoconfigure/src/main/java/org/springframework/boot/autoconfigure/r2dbc/ConnectionFactoryConfigurations.java,Pool,1
spring-boot/spring-boot-project/spring-boot-test/src/main/java/org/springframework/boot/test/web/client/TestRestTemplateContextCustomizer.java,TestRestTemplateRegistrar,4
spring-boot/spring-boot-project/spring-boot-devtools/src/main/java/org/springframework/boot/devtools/restart/RestartLauncher.java,RestartLauncher,2
spring-boot/spring-boot-project/spring-boot-autoconfigure/src/test/java/org/springframework/boot/autoconfigure/web/reactive/function/client/WebClientAutoConfigurationTests.java,CustomWebClientBuilderConfig,1
spring-boot/spring-boot-tests/spring-boot-smoke-tests/spring-boot-smoke-test-data-couchbase/src/main/java/smoketest/data/couchbase/SampleCouchbaseApplication.java,SampleCouchbaseApplication,3
spring-boot/spring-boot-project/spring-boot-tools/spring-boot-jarmode-layertools/src/main/java/org/springframework/boot/jarmode/layertools/Command.java,Parameters,4
spring-boot/spring-boot-project/spring-boot-autoconfigure/src/main/java/org/springframework/boot/autoconfigure/web/reactive/WebFluxAutoConfiguration.java,sourceChainCustomizerConfiguration{,1
spring-boot/spring-boot-project/spring-boot/src/test/java/org/springframework/boot/diagnostics/analyzer/nounique/BarTestBean.java,BarTestBean,0
spring-boot/spring-boot-project/spring-boot-actuator-autoconfigure/src/main/java/org/springframework/boot/actuate/autoconfigure/metrics/export/properties/PropertiesConfigAdapter.java,PropertiesConfigAdapter,1
spring-boot/spring-boot-project/spring-boot-autoconfigure/src/test/java/org/springframework/boot/autoconfigure/jersey/JerseyAutoConfigurationCustomObjectMapperProviderTests.java,plicatione,2
spring-boot/spring-boot-tests/spring-boot-smoke-tests/spring-boot-smoke-test-actuator/src/test/java/smoketest/actuator/EndpointsPropertiesSampleActuatorApplicationTests.java,EndpointsPropertiesSampleActuatorApplicationTests,3
spring-boot/spring-boot-project/spring-boot-cli/src/main/java/org/springframework/boot/cli/compiler/dependencies/MavenModelDependencyManagement.java,MavenModelDependencyManagement,4
spring-boot/spring-boot-project/spring-boot-actuator/src/test/java/org/springframework/boot/actuate/metrics/MetricsEndpointTests.java,MetricsEndpointTests,16
spring-boot/spring-boot-tests/spring-boot-smoke-tests/spring-boot-smoke-test-websocket-jetty/src/main/java/smoketest/websocket/jetty/echo/DefaultEchoService.java,DefaultEchoService,1
spring-boot/spring-boot-tests/spring-boot-smoke-tests/spring-boot-smoke-test-activemq/src/test/java/smoketest/activemq/SampleActiveMqTests.java,mpleActiveMqTests{,1
spring-boot/spring-boot-project/spring-boot-actuator-autoconfigure/src/test/java/org/springframework/boot/actuate/autoconfigure/influx/InfluxDbHealthContributorAutoConfigurationTests.java,fluxDbHealthContributorAutoConfigurationTests{,2
spring-boot-tests/spring-boot-smoke-tests/spring-boot-smoke-test-tomcat/src/main/java/smoketest/tomcat/web/SampleController.java,SampleController,1
spring-framework/spring-context/src/test/java/org/springframework/validation/beanvalidation/MethodValidationTests.java,MethodValidationTests,5
spring-framework/spring-web/src/main/java/org/springframework/http/client/HttpComponentsAsyncClientHttpRequest.java,HttpResponseFutureCallback,6
spring-framework/spring-core/src/main/java/org/springframework/core/annotation/AnnotationUtils.java,DefaultValueHolder,1
spring-framework/spring-core/src/test/java/org/springframework/core/type/InheritedAnnotationsAnnotationMetadataTests.java,AnnotatedSubclass,0
spring-framework/spring-messaging/src/main/java/org/springframework/messaging/handler/invocation/reactive/AbstractEncoderMethodReturnValueHandler.java,KotlinDelegate,1
spring-framework/spring-context-support/src/main/java/org/springframework/cache/caffeine/CaffeineCache.java,PutIfAbsentFunction,1
spring-framework/spring-context/src/test/java/org/springframework/context/annotation/ImportAwareTests.java,ImportingRegistrarConfig,0
spring-framework/spring-expression/src/test/java/org/springframework/expression/spel/SelectionAndProjectionTests.java,SetTestBean,1
spring-framework/spring-core/src/test/java/org/springframework/core/GenericTypeResolverTests.java,MyCollectionInterfaceType,0
spring-framework/spring-core/src/test/java/org/springframework/core/annotation/MergedAnnotationsTests.java,AliasForAttributeOfDifferentTypeClass,0
spring-framework/spring-webflux/src/test/java/org/springframework/web/reactive/function/MultipartIntegrationTests.java,MultipartIntegrationTests,5
spring-framework/spring-web/src/main/java/org/springframework/web/util/pattern/SeparatorPathElement.java,SeparatorPathElement,4
spring-framework/spring-core/src/main/java/org/springframework/core/ReactiveAdapterRegistry.java,SpringCoreBlockHoundIntegration,1
spring-framework/spring-core/src/test/java/org/springframework/core/annotation/MergedAnnotationsRepeatableAnnotationTests.java,ComposedRepeatableClass,0
spring-framework/spring-messaging/src/test/java/org/springframework/messaging/support/ChannelInterceptorTests.java,NullReturningPreSendInterceptor,1
spring-framework/spring-jdbc/src/test/java/org/springframework/jdbc/support/SQLExceptionSubclassTranslatorTests.java,SQLExceptionSubclassTranslatorTests,1
spring-framework/spring-context/src/test/java/org/springframework/context/annotation/TestScopeMetadataResolver.java,TestScopeMetadataResolver,1
spring-framework/spring-core/src/test/java/example/type/AnnotationTypeFilterTestsTypes.java,SomeSubclassOfSomeClassMarkedWithNonInheritedAnnotation,0
spring-framework/spring-websocket/src/main/java/org/springframework/web/socket/sockjs/transport/handler/AbstractHttpReceivingTransportHandler.java,AbstractHttpReceivingTransportHandler,6
spring-framework/spring-tx/src/test/java/org/springframework/transaction/interceptor/ImplementsNoInterfaces.java,ImplementsNoInterfaces,3
spring-framework/spring-test/src/test/java/org/springframework/test/context/cache/ClassLevelDirtiesContextTestNGTests.java,BaseTestCase,1
spring-framework/spring-beans/src/test/java/org/springframework/beans/PropertyMatchesTests.java,SampleBeanProperties,10
spring-framework/spring-webflux/src/main/java/org/springframework/web/reactive/function/server/DefaultEntityResponseBuilder.java,DefaultEntityResponseBuilder,19
spring-framework/spring-orm/src/test/java/org/springframework/orm/jpa/support/PersistenceInjectionTests.java,DefaultPrivatePersistenceUnitField,0
spring-framework/spring-web/src/main/java/org/springframework/web/util/CookieGenerator.java,CookieGenerator,15
spring-framework/spring-test/src/test/java/org/springframework/test/context/BootstrapUtilsTests.java,DuplicateMetaAnnotatedBootstrapWithAnnotationClass,0
spring-framework/spring-core/src/testFixtures/java/org/springframework/core/testfixture/codec/AbstractDecoderTests.java,AbstractDecoderTests,18
spring-framework/spring-messaging/src/main/java/org/springframework/messaging/handler/invocation/reactive/AbstractMethodMessageHandler.java,AbstractMethodMessageHandler,37
spring-framework/spring-context/src/main/java/org/springframework/context/support/DefaultLifecycleProcessor.java,DefaultLifecycleProcessor,15
spring-framework/spring-webflux/src/main/java/org/springframework/web/reactive/config/ViewResolverRegistry.java,ViewResolverRegistry,10
spring-framework/spring-test/src/test/java/org/springframework/test/web/servlet/samples/spr/FormContentTests.java,Data,4
spring-framework/spring-webmvc/src/main/java/org/springframework/web/servlet/resource/VersionResourceResolver.java,VersionResourceResolver,8
spring-framework/spring-test/src/test/java/org/springframework/test/context/junit4/FailingBeforeAndAfterMethodsTestNGTests.java,AlwaysFailingBeforeTestMethodTestExecutionListener,1
spring-framework/spring-webflux/src/main/java/org/springframework/web/reactive/function/BodyInserters.java,BodyInserters,21
spring-framework/spring-messaging/src/main/java/org/springframework/messaging/converter/SimpleMessageConverter.java,SimpleMessageConverter,2
spring-framework/spring-test/src/main/java/org/springframework/test/context/junit4/rules/SpringClassRule.java,SpringClassRule,6
spring-framework/spring-webflux/src/main/java/org/springframework/web/reactive/result/method/annotation/MatrixVariableMethodArgumentResolver.java,MatrixVariableNamedValueInfo,0
spring-framework/spring-test/src/test/java/org/springframework/test/context/support/ContextLoaderUtilsContextHierarchyTests.java,TestClass3WithSingleLevelContextHierarchyFromMetaAnnotation,0
spring-framework/spring-web/src/main/java/org/springframework/web/util/UriTemplate.java,UriTemplate,6
spring-framework/spring-core/src/test/java/org/springframework/util/ExponentialBackOffTests.java,ExponentialBackOffTests,9
spring-framework/spring-test/src/test/java/org/springframework/test/context/support/DirtiesContextTestExecutionListenerTests.java,DirtiesContextDeclaredViaMetaAnnotationAfterEachTestMethod,1
spring-framework/spring-jdbc/src/test/java/org/springframework/jdbc/object/StoredProcedureTests.java,ParameterMapperStoredProcedure,1
spring-framework/spring-web/src/test/java/org/springframework/http/codec/json/Jackson2JsonDecoderTests.java,Jackson2JsonDecoderTests,17
spring-framework/spring-context/src/test/java/org/springframework/context/annotation/ConfigurationWithFactoryBeanAndParametersTests.java,ConfigurationWithFactoryBeanAndParametersTests,1
spring-framework/spring-messaging/src/test/java/org/springframework/messaging/core/DestinationResolvingMessagingTemplateTests.java,TestMessageChannelDestinationResolver,2
spring-framework/spring-beans/src/main/java/org/springframework/beans/factory/support/BeanDefinitionReaderUtils.java,BeanDefinitionReaderUtils,6
spring-framework/spring-web/src/main/java/org/springframework/web/server/handler/WebHandlerDecorator.java,WebHandlerDecorator,3
spring-framework/spring-context/src/test/java/org/springframework/validation/ValidationUtilsTests.java,ValidationUtilsTests,9
spring-framework/spring-test/src/test/java/org/springframework/test/context/cache/ClassLevelDirtiesContextTestNGTests.java,ClassLevelDirtiesContextWithAfterEachTestMethodModeTestCase,3
spring-framework/spring-tx/src/main/java/org/springframework/jca/cci/connection/ConnectionSpecConnectionFactoryAdapter.java,ConnectionSpecConnectionFactoryAdapter,5
spring-framework/spring-webflux/src/test/java/org/springframework/web/reactive/socket/AbstractWebSocketIntegrationTests.java,UndertowConfig,1
spring-framework/spring-messaging/src/main/java/org/springframework/messaging/handler/invocation/reactive/ArgumentResolverConfigurer.java,ArgumentResolverConfigurer,2
spring-framework/spring-test/src/test/java/org/springframework/test/context/support/TestPropertySourceUtilsTests.java,RepeatedPropertySourcesWithConflictingInheritPropertiesFlags,0
spring-framework/spring-webmvc/src/main/java/org/springframework/web/servlet/view/xml/MarshallingView.java,MarshallingView,6
spring-framework/spring-context/src/test/java/org/springframework/scheduling/concurrent/ScheduledExecutorFactoryBeanTests.java,NoOpScheduledExecutorTask,0
spring-framework/spring-context/src/test/java/org/springframework/context/annotation/Spr12278Tests.java,TwoConstructorsComponent,0
spring-framework/spring-webflux/src/main/java/org/springframework/web/reactive/function/server/PathResourceLookupFunction.java,PathResourceLookupFunction,5
spring-framework/spring-context-support/src/main/java/org/springframework/mail/javamail/MimeMessageHelper.java,MimeMessageHelper,61
spring-framework/spring-web/src/main/java/org/springframework/web/method/annotation/ModelAttributeMethodProcessor.java,FieldAwareConstructorParameter,2
spring-framework/spring-test/src/test/java/org/springframework/test/context/TestExecutionListenersTests.java,FooTestExecutionListener,0
spring-framework/spring-test/src/test/java/org/springframework/test/context/cache/ContextCacheTests.java,BarFooProfilesTestCase,0
spring-framework/spring-webflux/src/test/java/org/springframework/web/reactive/result/method/annotation/ModelMethodArgumentResolverTests.java,ModelMethodArgumentResolverTests,4
spring-framework/spring-jms/src/test/java/org/springframework/jms/annotation/AbstractJmsAnnotationDrivenTests.java,ValidationBean,1
spring-framework/spring-context/src/test/java/org/springframework/jmx/export/assembler/ReflectiveAssemblerTests.java,ReflectiveAssemblerTests,5
spring-framework/spring-webmvc/src/main/java/org/springframework/web/servlet/mvc/condition/RequestConditionHolder.java,RequestConditionHolder,7
spring-framework/spring-webmvc/src/main/java/org/springframework/web/servlet/config/ResourcesBeanDefinitionParser.java,ResourcesBeanDefinitionParser,8
spring-framework/spring-context/src/test/java/org/springframework/context/event/test/TestEvent.java,TestEvent,0
spring-framework/spring-web/src/main/java/org/springframework/web/cors/CorsConfiguration.java,CorsConfiguration,24
spring-framework/spring-test/src/test/java/org/springframework/test/context/ContextHierarchyDirtiesContextTests.java,MethodLevelDirtiesContextWithExhaustiveModeTestCase,1
spring-framework/spring-context/src/test/java/org/springframework/tests/sample/beans/ResourceTestBean.java,ResourceTestBean,12
spring-framework/spring-test/src/test/java/org/springframework/test/web/reactive/server/samples/JsonContentTests.java,JsonContentTests,4
spring-framework/spring-aop/src/main/java/org/springframework/aop/interceptor/SimpleAsyncUncaughtExceptionHandler.java,SimpleAsyncUncaughtExceptionHandler,1
spring-framework/spring-context-support/src/test/java/org/springframework/validation/beanvalidation2/ValidatorFactoryTests.java,ValidPerson,8
spring-framework/spring-webflux/src/main/java/org/springframework/web/reactive/result/condition/ProducesRequestCondition.java,ProduceMediaTypeExpression,2
spring-framework/spring-webmvc/src/test/java/org/springframework/web/servlet/tags/form/InputTagTests.java,InputTagTests,22
spring-framework/spring-test/src/test/java/org/springframework/test/context/ContextHierarchyDirtiesContextTests.java,FooTestCase,1
spring-framework/spring-context-indexer/src/main/java/org/springframework/context/index/processor/PackageInfoStereotypesProvider.java,PackageInfoStereotypesProvider,1
spring-framework/spring-beans/src/test/java/org/springframework/beans/factory/annotation/InjectAnnotationBeanPostProcessorTests.java,ObjectFactoryFieldInjectionBean,1
spring-framework/spring-core/src/test/java/org/springframework/core/BridgeMethodResolverTests.java,MegaEvent,0
spring-framework/spring-context/src/test/java/org/springframework/aop/aspectj/ThisAndTargetSelectionOnlyPointcutsAtAspectJTests.java,ThisAndTargetSelectionOnlyPointcutsAtAspectJTests,10
spring-framework/spring-beans/src/test/java/org/springframework/beans/factory/support/security/support/DestroyBean.java,DestroyBean,1
spring-framework/spring-beans/src/main/java/org/springframework/beans/factory/config/PropertyOverrideConfigurer.java,PropertyOverrideConfigurer,6
spring-framework/spring-webmvc/src/test/java/org/springframework/web/servlet/mvc/method/annotation/ServletAnnotationControllerHandlerMethodTests.java,MyParameterizedControllerImplWithOverriddenMappings,3
spring-framework/spring-context/src/test/java/org/springframework/context/annotation/AnnotationScopeMetadataResolverTests.java,AnnotatedWithCustomRequestScope,0
spring-framework/spring-beans/src/test/java/org/springframework/beans/factory/support/BeanFactoryGenericsTests.java,MocksControl,1
spring-framework/spring-test/src/test/java/org/springframework/test/context/support/ContextLoaderUtilsContextHierarchyTests.java,TestClass3WithSingleLevelContextHierarchy,0
spring-framework/spring-core/src/main/java/org/springframework/core/log/LogMessage.java,FormatMessage4,1
spring-framework/spring-webmvc/src/test/java/org/springframework/web/servlet/mvc/method/annotation/ServletAnnotationControllerHandlerMethodTests.java,MyAdaptedController3,6
spring-framework/spring-test/src/test/java/org/springframework/test/context/cache/ContextCacheTests.java,ClassHierarchyContextHierarchyLevel3bTestCase,0
spring-framework/spring-test/src/main/java/org/springframework/mock/web/DelegatingServletOutputStream.java,DelegatingServletOutputStream,6
spring-framework/spring-messaging/src/test/java/org/springframework/messaging/rsocket/annotation/support/RSocketMessageHandlerTests.java,SimpleController,1
spring-framework/spring-test/src/test/java/org/springframework/test/context/junit4/rules/TimedSpringRuleTests.java,TimedSpringRuleTestCase,1
spring-framework/spring-websocket/src/main/java/org/springframework/web/socket/TextMessage.java,TextMessage,3
spring-framework/spring-websocket/src/main/java/org/springframework/web/socket/server/support/HandshakeInterceptorChain.java,HandshakeInterceptorChain,2
spring-framework/spring-web/src/main/java/org/springframework/http/converter/json/MappingJacksonInputMessage.java,MappingJacksonInputMessage,4
spring-framework/spring-context/src/test/java/org/springframework/context/annotation/configuration/ConfigurationClassProcessingTests.java,ConfigWithFinalBean,1
spring-framework/spring-jms/src/test/java/org/springframework/jms/annotation/EnableJmsTests.java,EnableJmsSampleConfig,2
spring-framework/spring-web/src/main/java/org/springframework/http/converter/json/Jackson2ObjectMapperFactoryBean.java,Jackson2ObjectMapperFactoryBean,36
spring-framework/spring-webmvc/src/test/java/org/springframework/web/servlet/mvc/method/annotation/ServletAnnotationControllerHandlerMethodTests.java,MySpecialArgumentResolver,1
spring-framework/spring-core/src/test/java/org/springframework/core/BridgeMethodResolverTests.java,AbstractDao,2
spring-framework/spring-context/src/test/java/org/springframework/context/annotation/CommonAnnotationBeanPostProcessorTests.java,ResourceInjectionBean,7
spring-framework/spring-websocket/src/test/java/org/springframework/web/socket/sockjs/client/UndertowSockJsIntegrationTests.java,UndertowSockJsIntegrationTests,4
spring-framework/spring-websocket/src/test/java/org/springframework/web/socket/config/annotation/WebSocketConfigurationTests.java,TestHandler,1
spring-framework/spring-test/src/test/java/org/springframework/test/context/junit4/rules/ProgrammaticTxMgmtSpringRuleTests.java,ProgrammaticTxMgmtSpringRuleTests,18
spring-framework/spring-context/src/test/java/org/springframework/cache/CacheReproTests.java,Spr11249Service,1
spring-framework/spring-core/src/test/java/org/springframework/core/annotation/ComposedRepeatableAnnotationsTests.java,ComposedRepeatableMixedWithContainerClass,0
spring-framework/spring-context/src/test/java/org/springframework/context/annotation/ConfigurationClassPostProcessorTests.java,ComposedConfigurationWithAttributeOverrideForBasePackage,0
spring-framework/spring-webmvc/src/main/java/org/springframework/web/servlet/config/MvcNamespaceUtils.java,MvcNamespaceUtils,9
spring-framework/spring-test/src/main/java/org/springframework/test/context/event/TestContextEvent.java,TestContextEvent,2
spring-framework/spring-core/src/main/java/org/springframework/util/function/SingletonSupplier.java,SingletonSupplier,6
spring-framework/spring-webmvc/src/test/java/org/springframework/web/servlet/resource/GzipSupport.java,GzipSupport,4
spring-framework/spring-web/src/main/java/org/springframework/http/codec/support/ClientDefaultCodecsImpl.java,ClientDefaultCodecsImpl,7
spring-framework/spring-web/src/main/java/org/springframework/web/context/support/StandardServletEnvironment.java,StandardServletEnvironment,2
spring-framework/spring-aop/src/test/java/org/springframework/aop/interceptor/ExposeInvocationInterceptorTests.java,ExposedInvocationTestBean,3
spring-framework/spring-webmvc/src/main/java/org/springframework/web/servlet/view/tiles3/TilesConfigurer.java,SpringTilesContainerFactory,8
spring-framework/spring-webmvc/src/test/java/org/springframework/web/servlet/support/ServletUriComponentsBuilderTests.java,ServletUriComponentsBuilderTests,18
spring-framework/spring-web/src/main/java/org/springframework/web/multipart/support/ByteArrayMultipartFileEditor.java,ByteArrayMultipartFileEditor,2
spring-framework/spring-webflux/src/test/java/org/springframework/web/reactive/result/method/annotation/MessageWriterResultHandlerTests.java,Bar,0
spring-framework/spring-core/src/test/java/org/springframework/core/ResolvableTypeTests.java,MyCollectionInterfaceType,0
spring-framework/spring-messaging/src/test/java/org/springframework/messaging/StubMessageChannel.java,StubMessageChannel,5
spring-framework/spring-expression/src/test/java/org/springframework/expression/spel/ScenariosForSpringSecurityExpressionTests.java,SecurityPrincipalAccessor,5
spring-framework/spring-expression/src/main/java/org/springframework/expression/spel/ast/OperatorPower.java,OperatorPower,1
spring-framework/spring-aop/src/main/java/org/springframework/aop/config/AspectComponentDefinition.java,AspectComponentDefinition,2
spring-framework/spring-test/src/test/java/org/springframework/test/context/support/ContextLoaderUtilsContextHierarchyTests.java,TestClass1WithSingleLevelContextHierarchyFromMetaAnnotation,0
spring-framework/integration-tests/src/test/java/org/springframework/context/annotation/scope/ClassPathBeanDefinitionScannerScopeIntegrationTests.java,SingletonScopedTestBean,0
spring-framework/spring-webmvc/src/test/java/org/springframework/web/servlet/handler/HandlerMappingIntrospectorTests.java,TestHandlerMapping,1
spring-framework/spring-websocket/src/test/java/org/springframework/web/socket/sockjs/transport/session/StubSockJsServiceConfig.java,StubSockJsServiceConfig,10
